{"mean_squared_error": 0.6724227183096924, "r2_score": 0.18050448117776208, "timestamp": "2024-09-30T13:38:13.210885"}
